category_code,category_name,level,title,catalog_key,sub_anchor,parent_key,type,version_key
1,宪法性法律,1,中华人民共和国宪法,01-001,,,Law,
1,宪法性法律,1,反分裂国家法,01-002,,,Law,
1,宪法性法律,1,中华人民共和国国家安全法,01-003,,,Law,
1,宪法性法律,1,中华人民共和国立法法,01-004,,,Law,
1,宪法性法律,1,中华人民共和国全国人民代表大会和地方各级人民代表大会选举法,01-005,,,Law,
1,宪法性法律,1,中华人民共和国全国人民代表大会和地方各级人民代表大会代表法,01-006,,,Law,
1,宪法性法律,1,中华人民共和国全国人民代表大会组织法,01-007,,,Law,
1,宪法性法律,1,中华人民共和国国务院组织法,01-008,,,Law,
1,宪法性法律,1,中华人民共和国监察法,01-009,,,Law,
1,宪法性法律,1,中华人民共和国地方各级人民代表大会和地方各级人民政府组织法,01-010,,,Law,
1,宪法性法律,1,中华人民共和国各级人民代表大会常务委员会监督法,01-011,,,Law,
1,宪法性法律,1,中华人民共和国民族区域自治法,01-012,,,Law,
1,宪法性法律,1,中华人民共和国香港特别行政区基本法,01-013,,,Law,
1,宪法性法律,1,中华人民共和国香港特别行政区基本法附件一 香港特别行政区行政长官的产生办法,01-014,,,Law,
1,宪法性法律,1,中华人民共和国香港特别行政区基本法附件二 香港特别行政区立法会的产生办法和表决程序,01-015,,,Law,
1,宪法性法律,1,全国人民代表大会关于建立健全香港特别行政区维护国家安全的法律制度和执行机制的决定,01-016,,,Law,
1,宪法性法律,1,中华人民共和国香港特别行政区维护国家安全法,01-017,,,Law,
1,宪法性法律,1,中华人民共和国澳门特别行政区基本法,01-018,,,Law,
1,宪法性法律,1,中华人民共和国村民委员会组织法,01-019,,,Law,
1,宪法性法律,1,中华人民共和国城市居民委员会组织法,01-020,,,Law,
1,宪法性法律,1,中华人民共和国国家勋章和国家荣誉称号法,01-021,,,Law,
1,宪法性法律,1,中华人民共和国国旗法,01-022,,,Law,
1,宪法性法律,1,中华人民共和国国徽法,01-023,,,Law,
1,宪法性法律,1,中华人民共和国国歌法,01-024,,,Law,
1,宪法性法律,1,全国人民代表大会常务委员会关于实行宪法宣誓制度的决定,01-025,,,Law,
2,民法,1,中华人民共和国民法典,02-001,,,Law,
2,民法,3,最高人民法院关于适用《中华人民共和国民法典》有关担保制度的解释,02-001,JI.001,02-001,JudicialInterpretation,
2,民法,3,最高人民法院关于审理民事案件适用诉讼时效制度若干问题的规定,02-001,JI.002,02-001,JudicialInterpretation,
2,民法,3,最高人民法院关于适用《中华人民共和国民法典》总则编若干问题的解释,02-001,JI.003,02-001,JudicialInterpretation,
2,民法,3,最高人民法院关于适用《中华人民共和国民法典》合同编通则若干问题的解释,02-001,JI.004,02-001,JudicialInterpretation,
2,民法,3,最高人民法院关于适用《中华人民共和国民法典》物权编的解释(一),02-001,JI.005,02-001,JudicialInterpretation,
2,民法,3,最高人民法院关于适用《中华人民共和国民法典》婚姻家庭编的解释(一),02-001,JI.006,02-001,JudicialInterpretation,
2,民法,3,最高人民法院关于适用《中华人民共和国民法典》婚姻家庭编的解释(二),02-001,JI.007,02-001,JudicialInterpretation,
2,民法,3,最高人民法院关于适用《中华人民共和国民法典》继承编的解释(一),02-001,JI.008,02-001,JudicialInterpretation,
2,民法,3,最高人民法院关于适用《中华人民共和国民法典》侵权责任编的解释(一),02-001,JI.009,02-001,JudicialInterpretation,
2,民法,3,最高人民法院关于审理买卖合同纠纷案件适用法律问题的解释,02-001,JI.010,02-001,JudicialInterpretation,
2,民法,3,最高人民法院关于适用《中华人民共和国民法典》时间效力的若干规定,02-001,JI.011,02-001,JudicialInterpretation,
2,民法,3,最高人民法院关于审理建筑物区分所有权纠纷案件适用法律若干问题的解释,02-001,JI.012,02-001,JudicialInterpretation,
2,民法,3,最高人民法院关于审理商品房买卖合同纠纷案件适用法律若干问题的解释,02-001,JI.013,02-001,JudicialInterpretation,
2,民法,3,最高人民法院关于审理建设工程施工合同纠纷案件适用法律问题的解释(一),02-001,JI.014,02-001,JudicialInterpretation,
2,民法,3,最高人民法院关于审理技术合同纠纷案件适用法律若干问题的解释,02-001,JI.015,02-001,JudicialInterpretation,
2,民法,3,最高人民法院关于审理城镇房屋租赁合同纠纷案件具体应用法律若干问题的解释,02-001,JI.016,02-001,JudicialInterpretation,
2,民法,3,最高人民法院关于审理融资租赁合同纠纷案件适用法律问题的解释,02-001,JI.017,02-001,JudicialInterpretation,
2,民法,3,最高人民法院关于审理民间借贷案件适用法律若干问题的规定,02-001,JI.018,02-001,JudicialInterpretation,
2,民法,3,最高人民法院关于确定民事侵权精神损害赔偿责任若干问题的解释,02-001,JI.019,02-001,JudicialInterpretation,
2,民法,3,最高人民法院关于审理人身损害赔偿案件适用法律若干问题的解释,02-001,JI.020,02-001,JudicialInterpretation,
2,民法,3,最高人民法院关于审理利用信息网络侵害人身权益民事纠纷案件适用法律若干问题的规定,02-001,JI.021,02-001,JudicialInterpretation,
2,民法,3,最高人民法院关于审理道路交通事故损害赔偿案件适用法律若干问题的解释,02-001,JI.022,02-001,JudicialInterpretation,
2,民法,1,中华人民共和国个人信息保护法,02-002,,,Law,
3,民事诉讼法,1,中华人民共和国民事诉讼法,03-001,,,Law,
3,民事诉讼法,3,最高人民法院关于适用《中华人民共和国民事诉讼法》的解释,03-001,JI.001,03-001,JudicialInterpretation,
3,民事诉讼法,3,最高人民法院关于互联网法院审理案件若干问题的规定,03-001,JI.002,03-001,JudicialInterpretation,
3,民事诉讼法,3,最高人民法院关于审理民事级别管辖异议案件若干问题的规定,03-001,JI.003,03-001,JudicialInterpretation,
3,民事诉讼法,3,最高人民法院关于民事诉讼证据的若干规定,03-001,JI.004,03-001,JudicialInterpretation,
3,民事诉讼法,3,最高人民法院关于在审理经济纠纷案件中涉及经济犯罪嫌疑若干问题的规定,03-001,JI.005,03-001,JudicialInterpretation,
3,民事诉讼法,3,最高人民法院关于适用简易程序审理民事案件的若干规定,03-001,JI.006,03-001,JudicialInterpretation,
3,民事诉讼法,3,最高人民法院关于适用《中华人民共和国民事诉讼法》审判监督程序若干问题的解释,03-001,JI.007,03-001,JudicialInterpretation,
3,民事诉讼法,3,最高人民法院关于适用《中华人民共和国民事诉讼法》执行程序若干问题的解释,03-001,JI.008,03-001,JudicialInterpretation,
3,民事诉讼法,3,最高人民法院关于人民法院民事执行中查封、扣押、冻结财产的规定,03-001,JI.008.01,03-001,JudicialInterpretation,
3,民事诉讼法,3,最高人民法院关于人民法院民事执行中拍卖、变卖财产的规定,03-001,JI.008.02,03-001,JudicialInterpretation,
3,民事诉讼法,3,最高人民法院关于民事执行中变更、追加当事人若干问题的规定,03-001,JI.008.03,03-001,JudicialInterpretation,
3,民事诉讼法,3,最高人民法院关于人民法院办理执行异议和复议案件若干问题的规定,03-001,JI.008.04,03-001,JudicialInterpretation,
3,民事诉讼法,3,最高人民法院关于执行和解若干问题的规定,03-001,JI.008.05,03-001,JudicialInterpretation,
3,民事诉讼法,3,最高人民法院关于人民法院执行工作若干问题的规定(试行),03-001,JI.008.06,03-001,JudicialInterpretation,
3,民事诉讼法,1,中华人民共和国人民调解法,03-002,,,Law,
3,民事诉讼法,3,最高人民法院关于人民法院民事调解工作若干问题的规定,03-002,JI.001,03-002,JudicialInterpretation,
3,民事诉讼法,1,中华人民共和国仲裁法,03-003,,,Law,
3,民事诉讼法,3,最高人民法院关于适用《中华人民共和国仲裁法》若干问题的解释,03-003,JI.001,03-003,JudicialInterpretation,
4,刑法,1,中华人民共和国刑法,04-001,,,Law,
4,刑法,3,最高人民法院、最高人民检察院、公安部关于依法适用正当防卫制度的指导意见,04-001,JI.001,04-001,JudicialInterpretation,
4,刑法,3,最高人民法院关于适用财产刑若干问题的规定,04-001,JI.002,04-001,JudicialInterpretation,
4,刑法,3,最高人民法院关于处理自首和立功具体应用法律若干问题的解释,04-001,JI.003,04-001,JudicialInterpretation,
4,刑法,3,最高人民法院关于处理自首和立功若干具体问题的意见,04-001,JI.004,04-001,JudicialInterpretation,
4,刑法,3,最高人民法院关于办理减刑、假释案件具体应用法律的规定,04-001,JI.005,04-001,JudicialInterpretation,
4,刑法,3,最高人民法院关于审理交通肇事刑事案件具体应用法律若干问题的解释,04-001,JI.006,04-001,JudicialInterpretation,
4,刑法,3,最高人民法院、最高人民检察院关于办理生产、销售伪劣商品刑事案件具体应用法律若干问题的解释,04-001,JI.007,04-001,JudicialInterpretation,
4,刑法,3,最高人民法院、最高人民检察院关于办理妨害信用卡管理刑事案件具体应用法律若干问题的解释,04-001,JI.008,04-001,JudicialInterpretation,
4,刑法,3,最高人民法院关于审理拐卖妇女儿童犯罪案件具体应用法律若干问题的解释,04-001,JI.009,04-001,JudicialInterpretation,
4,刑法,3,最高人民法院关于审理抢劫案件具体应用法律若干问题的解释,04-001,JI.010,04-001,JudicialInterpretation,
4,刑法,3,最高人民法院、最高人民检察院关于办理盗窃刑事案件适用法律若干问题的解释,04-001,JI.011,04-001,JudicialInterpretation,
4,刑法,3,最高人民法院、最高人民检察院、公安部、司法部关于办理黑恶势力犯罪案件若干问题的指导意见,04-001,JI.012,04-001,JudicialInterpretation,
4,刑法,3,最高人民法院、最高人民检察院关于办理侵犯知识产权刑事案件适用法律若干问题的解释,04-001,JI.013,04-001,JudicialInterpretation,
4,刑法,3,最高人民检察院关于办理诈骗刑事案件具体应用法律若干问题的解释,04-001,JI.014,04-001,JudicialInterpretation,
4,刑法,3,最高人民法院、最高人民检察院关于办理抢夺刑事案件适用法律若干问题的解释,04-001,JI.015,04-001,JudicialInterpretation,
4,刑法,3,最高人民法院、最高人民检察院关于办理敲诈勒索刑事案件适用法律若干问题的解释,04-001,JI.016,04-001,JudicialInterpretation,
4,刑法,3,最高人民法院、最高人民检察院关于办理组织考试作弊等刑事案件适用法律若干问题的解释,04-001,JI.017,04-001,JudicialInterpretation,
4,刑法,3,最高人民法院、最高人民检察院关于办理寻衅滋事刑事案件适用法律若干问题的解释,04-001,JI.018,04-001,JudicialInterpretation,
4,刑法,3,最高人民法院、最高人民检察院关于办理赌博刑事案件具体应用法律若干问题的解释,04-001,JI.019,04-001,JudicialInterpretation,
4,刑法,3,最高人民法院、最高人民检察院关于办理虚假诉讼刑事案件适用法律若干问题的解释,04-001,JI.020,04-001,JudicialInterpretation,
4,刑法,3,最高人民法院关于审理掩饰、隐瞒犯罪所得、犯罪所得收益刑事案件适用法律若干问题的解释,04-001,JI.021,04-001,JudicialInterpretation,
4,刑法,3,最高人民法院、最高人民检察院关于办理窝藏、包庇刑事案件适用法律若干问题的解释,04-001,JI.022,04-001,JudicialInterpretation,
4,刑法,3,最高人民法院关于审理非法行医刑事案件具体应用法律若干问题的解释,04-001,JI.023,04-001,JudicialInterpretation,
4,刑法,3,最高人民法院、最高人民检察院关于办理环境污染刑事案件适用法律若干问题的解释,04-001,JI.024,04-001,JudicialInterpretation,
4,刑法,3,最高人民法院关于审理毒品犯罪案件适用法律若干问题的解释,04-001,JI.025,04-001,JudicialInterpretation,
4,刑法,3,最高人民法院、最高人民检察院关于办理组织、强迫、引诱、容留、介绍卖淫刑事案件适用法律若干问题的解释,04-001,JI.026,04-001,JudicialInterpretation,
4,刑法,3,最高人民法院、最高人民检察院关于办理贪污贿赂刑事案件适用法律若干问题的解释,04-001,JI.027,04-001,JudicialInterpretation,
4,刑法,3,最高人民法院关于审理挪用公款案件具体应用法律若干问题的解释,04-001,JI.028,04-001,JudicialInterpretation,
4,刑法,3,最高人民法院、最高人民检察院关于办理受贿刑事案件适用法律若干问题的意见,04-001,JI.029,04-001,JudicialInterpretation,
4,刑法,3,最高人民法院、最高人民检察院关于办理渎职刑事案件适用法律若干问题的解释(一),04-001,JI.030,04-001,JudicialInterpretation,
4,刑法,1,中华人民共和国刑法修正案,04-002,,,Law,
4,刑法,1,中华人民共和国刑法修正案(二),04-003,,,Law,
4,刑法,1,中华人民共和国刑法修正案(三),04-004,,,Law,
4,刑法,1,中华人民共和国刑法修正案(四),04-005,,,Law,
4,刑法,1,中华人民共和国刑法修正案(五),04-006,,,Law,
4,刑法,1,中华人民共和国刑法修正案(六),04-007,,,Law,
4,刑法,1,中华人民共和国刑法修正案(七),04-008,,,Law,
4,刑法,1,中华人民共和国刑法修正案(八),04-009,,,Law,
4,刑法,1,中华人民共和国刑法修正案(九),04-010,,,Law,
4,刑法,1,中华人民共和国刑法修正案(十),04-011,,,Law,
4,刑法,1,中华人民共和国刑法修正案(十一),04-012,,,Law,
4,刑法,1,中华人民共和国刑法修正案(十二),04-013,,,Law,
4,刑法,1,全国人民代表大会常务委员会关于惩治骗购外汇、逃汇和非法买卖外汇犯罪的决定,04-014,,,Law,
4,刑法,1,全国人民代表大会常务委员会关于《中华人民共和国刑法》第九十三条第二款的解释,04-015,,,Law,
4,刑法,1,全国人民代表大会常务委员会关于《中华人民共和国刑法》第二百二十八条、第三百四十二条、第四百一十条的解释,04-016,,,Law,
4,刑法,1,全国人民代表大会常务委员会关于《中华人民共和国刑法》第二百九十四条第一款的解释,04-017,,,Law,
4,刑法,1,全国人民代表大会常务委员会关于《中华人民共和国刑法》第三百八十四条第一款的解释,04-018,,,Law,
4,刑法,1,全国人民代表大会常务委员会关于《中华人民共和国刑法》第三百一十三条的解释,04-019,,,Law,
4,刑法,1,全国人民代表大会常务委员会关于《中华人民共和国刑法》第九章渎职罪主体适用问题的解释,04-020,,,Law,
4,刑法,1,全国人民代表大会常务委员会关于《中华人民共和国刑法》有关出口退税、抵扣税款的其他发票规定的解释,04-021,,,Law,
4,刑法,1,全国人民代表大会常务委员会关于《中华人民共和国刑法》有关文物的规定适用于具有科学价值的古脊椎动物化石、古人类化石的解释,04-022,,,Law,
4,刑法,1,全国人民代表大会常务委员会关于《中华人民共和国刑法》第三十条的解释,04-023,,,Law,
4,刑法,1,全国人民代表大会常务委员会关于《中华人民共和国刑法》第一百五十八条、第一百五十九条的解释,04-024,,,Law,
4,刑法,1,全国人民代表大会常务委员会关于《中华人民共和国刑法》第二百六十六条的解释,04-025,,,Law,
4,刑法,1,全国人民代表大会常务委员会关于《中华人民共和国刑法》第三百四十一条、第三百一十二条的解释,04-026,,,Law,
5,刑事诉讼法,1,中华人民共和国刑事诉讼法,05-001,,,Law,
5,刑事诉讼法,3,最高人民法院关于适用《中华人民共和国刑事诉讼法》的解释,05-001,JI.001,05-001,JudicialInterpretation,
5,刑事诉讼法,3,最高人民法院关于进一步加强合议庭职责的若干规定,05-001,JI.002,05-001,JudicialInterpretation,
5,刑事诉讼法,3,最高人民法院关于办理死刑复核案件听取辩护律师意见的办法,05-001,JI.003,05-001,JudicialInterpretation,
5,刑事诉讼法,3,最高人民法院关于死刑复核及执行程序中保障当事人合法权益的若干规定,05-001,JI.004,05-001,JudicialInterpretation,
5,刑事诉讼法,3,最高人民法院关于死刑缓期执行限制减刑案件审理程序若干问题的规定,05-001,JI.005,05-001,JudicialInterpretation,
5,刑事诉讼法,3,最高人民法院关于刑事裁判涉财产部分执行的若干规定,05-001,JI.006,05-001,JudicialInterpretation,
5,刑事诉讼法,3,最高人民法院关于刑事再审案件开庭审理程序的具体规定(试行),05-001,JI.007,05-001,JudicialInterpretation,
5,刑事诉讼法,3,最高人民法院关于建立健全防范刑事冤假错案工作机制的意见,05-001,JI.008,05-001,JudicialInterpretation,
5,刑事诉讼法,3,最高人民法院关于减刑、假释案件审理程序的规定,05-001,JI.009,05-001,JudicialInterpretation,
5,刑事诉讼法,3,最高人民法院关于审理人民检察院按照审判监督程序提出的刑事抗诉案件若干问题的规定,05-001,JI.010,05-001,JudicialInterpretation,
5,刑事诉讼法,3,关于办理信息网络犯罪案件适用刑事诉讼程序若干问题的意见,05-001,JI.010,05-001,DepartmentalRule,
5,刑事诉讼法,3,人民检察院刑事诉讼规则,05-001,JI.011,05-001,JudicialInterpretation,
5,刑事诉讼法,3,人民检察院办理减刑、假释案件规定,05-001,JI.012,05-001,JudicialInterpretation,
5,刑事诉讼法,3,人民检察院办理未成年人刑事案件的规定,05-001,JI.013,05-001,JudicialInterpretation,
5,刑事诉讼法,3,人民检察院、公安机关羁押必要性审查、评估工作规定,05-001,JI.014,05-001,JudicialInterpretation,
5,刑事诉讼法,3,最高人民检察院关于适用犯罪嫌疑人、被告人逃匿、死亡案件违法所得没收程序若干问题的规定,05-001,JI.015,05-001,JudicialInterpretation,
5,刑事诉讼法,3,最高人民法院、最高人民检察院、公安部、国家安全部、司法部、全国人大常委会法制工作委员会关于实施刑事诉讼法若干问题的规定,05-001,JI.016,05-001,JudicialInterpretation,
5,刑事诉讼法,3,最高人民法院、最高人民检察院、公安部、国家安全部、司法部关于适用认罪认罚从宽制度的指导意见,05-001,JI.017,05-001,JudicialInterpretation,
5,刑事诉讼法,3,最高人民法院、最高人民检察院、公安部、国家安全部、司法部关于依法保障律师执业权利的规定,05-001,JI.018,05-001,JudicialInterpretation,
5,刑事诉讼法,3,最高人民法院、最高人民检察院、公安部、国家安全部、司法部关于办理刑事案件严格排除非法证据若干问题的规定,05-001,JI.019,05-001,JudicialInterpretation,
5,刑事诉讼法,3,最高人民法院、最高人民检察院、公安部关于办理刑事案件收集提取和审查判断电子数据若干问题的解释,05-001,JI.020,05-001,JudicialInterpretation,
5,刑事诉讼法,3,最高人民法院、最高人民检察院、公安部、国家安全部、司法部关于规范量刑程序若干问题的意见,05-001,JI.021,05-001,JudicialInterpretation,
5,刑事诉讼法,3,最高人民法院、最高人民检察院、公安部、国家安全部、司法部办理刑事案件排除非法证据规程,05-001,JI.022,05-001,JudicialInterpretation,
5,刑事诉讼法,3,最高人民法院、最高人民检察院、公安部、国家安全部、司法部办理刑事案件庭前会议规程,05-001,JI.023,05-001,JudicialInterpretation,
5,刑事诉讼法,3,最高人民法院、最高人民检察院、中国海警局关于海上刑事案件管辖等有关问题的通知,05-001,JI.024,05-001,JudicialInterpretation,
5,刑事诉讼法,3,最高人民法院、司法部关于为死刑复核案件被告人依法提供法律援助的规定(试行),05-001,JI.025,05-001,JudicialInterpretation,
5,刑事诉讼法,3,最高人民法院、最高人民检察院、公安部、国家安全部关于取保候审若干问题的规定,05-001,JI.026,05-001,JudicialInterpretation,
5,刑事诉讼法,1,中华人民共和国人民陪审员法,05-002,,,Law,
5,刑事诉讼法,3,最高人民法院关于适用《中华人民共和国人民陪审员法》若干问题的解释,05-002,JI.001,05-002,JudicialInterpretation,
5,刑事诉讼法,1,中华人民共和国社区矫正法,05-003,,,Law,
5,刑事诉讼法,2,公安机关办理刑事案件程序规定,05-004,,,Law,
5,刑事诉讼法,2,法律援助值班律师工作办法,05-005,,,Law,
5,刑事诉讼法,1,全国人民代表大会常务委员会关于《中华人民共和国刑事诉讼法》第七十九条第三款的解释,05-006,,,Law,
5,刑事诉讼法,1,全国人民代表大会常务委员会关于《中华人民共和国刑事诉讼法》第二百五十四条第五款、第二百五十七条第二款的解释,05-007,,,Law,
5,刑事诉讼法,1,全国人民代表大会常务委员会关于《中华人民共和国刑事诉讼法》第二百七十一条第二款的解释,05-008,,,Law,
6,商法,1,中华人民共和国公司法,06-001,,,Law,
6,商法,3,最高人民法院关于适用《中华人民共和国公司法》若干问题的规定（一）,06-001,JI.001,06-001,JudicialInterpretation,
6,商法,3,最高人民法院关于适用《中华人民共和国公司法》若干问题的规定（二）,06-001,JI.002,06-001,Law,
6,商法,3,最高人民法院关于适用《中华人民共和国公司法》若干问题的规定（三）,06-001,JI.003,06-001,JudicialInterpretation,
6,商法,3,最高人民法院关于适用《中华人民共和国公司法》若干问题的规定（四）,06-001,JI.004,06-001,JudicialInterpretation,
6,商法,3,最高人民法院关于适用《中华人民共和国公司法》若干问题的规定（五）,06-001,JI.005,06-001,JudicialInterpretation,
6,商法,3,最高人民法院关于适用《中华人民共和国公司法》若干问题的解释（征求意见稿）,06-001,JI.006,06-001,JudicialInterpretation,
6,商法,1,中华人民共和国合伙企业法,06-002,,,Law,
6,商法,1,中华人民共和国个人独资企业法,06-003,,,Law,
6,商法,1,中华人民共和国外商投资法,06-004,,,Law,
6,商法,1,中华人民共和国企业破产法,06-005,,,Law,
6,商法,1,中华人民共和国企业破产法（修订草案）,06-005,,,Law,
6,商法,3,最高人民法院关于适用《中华人民共和国企业破产法》若干问题的规定（一）,06-005,JI.001,06-005,JudicialInterpretation,
6,商法,3,最高人民法院关于适用《中华人民共和国企业破产法》若干问题的规定（二）,06-005,JI.002,06-005,JudicialInterpretation,
6,商法,3,最高人民法院关于适用《中华人民共和国企业破产法》若干问题的规定（三）,06-005,JI.003,06-005,JudicialInterpretation,
6,商法,1,中华人民共和国票据法,06-006,,,Law,
6,商法,1,中华人民共和国证券法,06-007,,,Law,
6,商法,1,中华人民共和国证券投资基金法,06-009,,,Law,
6,商法,1,中华人民共和国保险法,06-009,,,Law,
6,商法,3,最高人民法院关于适用《中华人民共和国保险法》若干问题的解释（一）,06-009,JI.001,06-009,JudicialInterpretation,
6,商法,3,最高人民法院关于适用《中华人民共和国保险法》若干问题的解释（二）,06-009,JI.002,06-009,JudicialInterpretation,
6,商法,3,最高人民法院关于适用《中华人民共和国保险法》若干问题的解释（三）,06-009,JI.003,06-009,JudicialInterpretation,
6,商法,3,最高人民法院关于适用《中华人民共和国保险法》若干问题的解释（四）,06-009,JI.004,06-009,JudicialInterpretation,
6,商法,1,中华人民共和国海商法,06-010,,,Law,
6,商法,1,中华人民共和国信托法,06-011,,,Law,
7,行政法、行政诉讼法,1,中华人民共和国公务员法,07-001,,,Law,
7,行政法、行政诉讼法,2,国务院行政机构设置和编制管理条例,07-001,REG.001,07-001,Regulation,
7,行政法、行政诉讼法,2,地方各级人民政府机构设置和编制管理条例,07-001,REG.002,07-001,Regulation,
7,行政法、行政诉讼法,1,中华人民共和国立法法,07-002,,,Law,
7,行政法、行政诉讼法,2,行政法规制定程序条例,07-002,REG.002,07-002,Regulation,
7,行政法、行政诉讼法,2,规章制定程序条例,07-002,REG.002,07-002,Regulation,
7,行政法、行政诉讼法,1,中华人民共和国行政许可法,07-003,,,Law,
7,行政法、行政诉讼法,3,最高人民法院关于审理行政许可案件若干问题的规定,07-003,REG.001,07-003,JudicialInterpretation,
7,行政法、行政诉讼法,1,中华人民共和国行政处罚法,07-004,,,Law,
7,行政法、行政诉讼法,1,中华人民共和国治安管理处罚法,07-005,,,Law,
7,行政法、行政诉讼法,1,中华人民共和国行政强制法,07-006,,,Law,
7,行政法、行政诉讼法,1,中华人民共和国行政复议法,07-007,,,Law,
7,行政法、行政诉讼法,2,中华人民共和国行政复议法实施条例,07-007,REG.001,07-007,Law,
7,行政法、行政诉讼法,2,中华人民共和国政府信息公开条例,07-000,REG.001,07-000,Law,
7,行政法、行政诉讼法,3,最高人民法院关于审理政府信息公开行政案件若干问题的规定,07-000,RUL.001,07-000,JudicialInterpretation,
7,行政法、行政诉讼法,1,中华人民共和国行政诉讼法,07-008,,,Law,
7,行政法、行政诉讼法,3,最高人民法院关于适用《中华人民共和国行政诉讼法》的解释,07-008,JI.001,07-008,JudicialInterpretation,
7,行政法、行政诉讼法,3,最高人民法院关于行政诉讼证据若干问题的规定,07-008,JI.002,07-008,JudicialInterpretation,
7,行政法、行政诉讼法,3,最高人民法院关于审理国际贸易行政案件若干问题的规定,07-008,JI.003,07-008,JudicialInterpretation,
7,行政法、行政诉讼法,3,最高人民法院关于审理反倾销行政案件应用法律若干问题的规定,07-008,JI.004,07-008,JudicialInterpretation,
7,行政法、行政诉讼法,3,最高人民法院关于审理反补贴行政案件应用法律若干问题的规定,07-008,JI.005,07-008,JudicialInterpretation,
7,行政法、行政诉讼法,3,最高人民法院关于印发《关于审理行政案件适用法律规范问题的座谈会纪要》的通知,07-008,JI.006,07-008,JudicialInterpretation,
7,行政法、行政诉讼法,3,最高人民法院关于行政诉讼撤诉若干问题的规定,07-008,JI.007,07-008,JudicialInterpretation,
7,行政法、行政诉讼法,3,最高人民法院关于审理行政协议案件若干问题的规定,07-008,JI.008,07-008,JudicialInterpretation,
7,行政法、行政诉讼法,1,中华人民共和国国家赔偿法,07-009,,,Law,
7,行政法、行政诉讼法,3,最高人民法院关于人民法院赔偿委员会审理国家赔偿案件程序的规定,07-009,JI.001,07-009,JudicialInterpretation,
7,行政法、行政诉讼法,3,最高人民法院关于人民法院赔偿委员会适用质证程序审理国家赔偿案件的规定,07-009,JI.002,07-009,JudicialInterpretation,
7,行政法、行政诉讼法,3,最高人民法院关于人民法院执行《中华人民共和国国家赔偿法》几个问题的解释,07-009,JI.003,07-009,JudicialInterpretation,
7,行政法、行政诉讼法,3,最高人民法院关于适用《中华人民共和国国家赔偿法》若干问题的解释(一),07-009,JI.004,07-009,JudicialInterpretation,
7,行政法、行政诉讼法,3,最高人民法院关于审理行政赔偿案件若干问题的规定,07-009,JI.005,07-009,JudicialInterpretation,
7,行政法、行政诉讼法,3,最高人民法院关于审理民事、行政诉讼中司法赔偿案件适用法律若干问题的解释,07-009,JI.006,07-009,JudicialInterpretation,
7,行政法、行政诉讼法,3,最高人民法院、最高人民检察院关于办理刑事赔偿案件适用法律若干问题的解释,07-009,JI.007,07-009,JudicialInterpretation,
7,行政法、行政诉讼法,3,最高人民法院关于审理国家赔偿案件确定精神损害赔偿责任适用法律若干问题的解释,07-009,JI.008,07-009,JudicialInterpretation,
7,行政法、行政诉讼法,3,最高人民法院关于正确确定县级以上地方人民政府行政诉讼被告资格若干问题的规定,07-009,JI.009,07-009,JudicialInterpretation,
7,行政法、行政诉讼法,3,最高人民法院关于审理司法赔偿案件适用请求时效制度若干问题的解释,07-009,JI.010,07-009,JudicialInterpretation,
